{
    "pid_0": {
      "features": [3.968642003034218, 3.9553899901567955, 3.8067717105202794],
      "is_intrusive": 0
    }, 
    "pid_1": {
      "features": [3.905930716908446, 3.9843869514613046, 3.999386668299634],
      "is_intrusive": 0
    }, 
    "pid_500": {
      "features": [4.309361217767318, 4.287392829732823, 4.296809382863873],
      "is_intrusive": 1
    },
    "pid_501": {
      "features": [4.310938448487633, 4.298506635010131, 4.256964230013101],
      "is_intrusive": 1
    }
  }
  